<?xml version="1.0" encoding="UTF-8"?>
<project-private xmlns="http://www.netbeans.org/ns/project-private/1">
    <editor-bookmarks xmlns="http://www.netbeans.org/ns/editor-bookmarks/2" lastBookmarkId="0"/>
    <open-files xmlns="http://www.netbeans.org/ns/projectui-open-files/2">
        <group>
            <file>file:/C:/Microchip%20Solutions/USB%20Device%20-%20HID%20-%20Mouse/HID%20-%20Mouse%20-%20Firmware/rm18f4550%20-%20MCHPUSB%20Bootload.lkr</file>
            <file>file:/C:/Microchip%20Solutions/Microchip/Usb/usb_device.c</file>
        </group>
    </open-files>
</project-private>
